AMiT Kumar <dtu.amit@gmail.com>
AbdealiJK <abdealikothari@gmail.com>
Abhijeet Kasurde <akasurde@redhat.com>
Adam Chainz <adam@adamj.eu>
Adam Chainz <me@adamj.eu>
Adam Goucher <adam@element34.ca>
Ahn Ki-Wook <ahnkiwook@gmail.com>
Alex Gaynor <alex.gaynor@gmail.com>
Alfredo Deza <alfredo@deza.pe>
Alfredo Deza <alfredodeza@gmail.com>
Almar Klein <almar.klein@gmail.com>
Ana Ribeiro <aninhacostaribeiro@gmail.com>
Ana Vojnovic <ana.vojnovic@dobarkod.hr>
Anatoly Bubenkov <bubenkoff@gmail.com>
Andreas Pelme <andreas@pelme.se>
Andreas Zeidler <az@zitc.de>
Andrew Murray <radarhere@gmail.com>
Andrew Svetlov <andrew.svetlov@gmail.com>
Andy Dirnberger <dirn@dirnonline.com>
Andy Freeland <andy.freeland@redjack.com>
Andy Freeland <andy@andyfreeland.net>
Anthon van der Neut <anthon@mnt.org>
Anthony Sottile <asottile@umich.edu>
Antonio Cuni <anto.cuni@gmail.com>
Antony Lee <anntzer.lee@gmail.com>
Ayala Shachar <shachar.ayala@gmail.com>
Barney Gale <barney.gale@gmail.com>
Ben Webb <bjwebb67@googlemail.com>
Benjamin Dopplinger <b.dopplinger@gmail.com>
Benjamin Peterson <benjamin@python.org>
Brandon W Maister <quodlibetor@gmail.com>
Brian Okken <brian@variedthoughts.com>
Brianna Laugher <b.laugher@bom.gov.au>
Brianna Laugher <blaugher@bom.gov.au>
Brianna Laugher <brianna.laugher@gmail.com>
Brianna Laugher <brianna@laugher.id.au>
Bruno Oliveira <bruno@esss.com.br>
Bruno Oliveira <nicoddemus@gmail.com>
Buck Golemon <buck@yelp.com>
Ceridwen <ceridwenv@gmail.com>
Chris Gilling <cgilling@gmail.com>
Christian Boelsen <christian.boelsen@hds.com>
Christian Henz <chrhenz@gmx.de>
Christian Pommranz <christian@pommranz.de>
Christian Theune <ct@flyingcircus.io>
Christian Theune <ct@gocept.com>
Dan Wandschneider <daniel.wandschneider@schrodinger.com>
Daniel Grana <dangra@gmail.com>
Daniel Hahler <git@thequod.de>
Daniel Hahler <hg@thequod.de>
Danielle Jenkins <djenkins@splunk.com>
Danilo de Jesus da Silva Bellini <danilo.bellini@gmail.com>
Darren Yin <darren.yin@gmail.com>
Dave Hunt <dave.hunt@gmail.com>
Dave Hunt <dhunt@mozilla.com>
David Diaz <dadiaz@hp.com>
David Röthlisberger <david@rothlis.net>
David Sternlicht <dsternlicht@infinidat.com>
David Szotten <davidszotten@gmail.com>
David Vierra <codewarrior@hawaii.rr.com>
Demian Brecht <dbrecht@salesforce.com>
Diego Russo <me@diegor.it>
Dinu Gherman <gherman@darwin.in-berlin.de>
Dj Gilcrease <dj.gilcrease@kanbansolutions.com>
Dmitry Dygalo <dadygalo@gmail.com>
Dmitry Malinovsky <damalinov@gmail.com>
Duncan Betts <github@duncanbetts.33mail.com>
Dusty Phillips <dusty@buchuki.com>
ENDOH takanao <djmchl@gmail.com>
Ed Singleton <singletoned@gmail.com>
Edison Gustavo Muenz <edisongustavo@gmail.com>
Edoardo Batini <eodbat@gmail.com>
Eduardo Schettino <schettino72@gmail.com>
Eli Boyarski <eli.boyarski@gmail.com>
Eli Boyarski <elib@consumerphysics.com>
Eli Plaut <eli@sentinelone.com>
Eric Hunsberger <erichuns@gmail.com>
Eric Siegerman <eric.siegerman@rci.rogers.com>
Eric Siegerman <pub08-pytest@davor.org>
Erik Bray <embray@stsci.edu>
Erik M. Bray <embray@stsci.edu>
Evan Bender <evan.bender@percolate.com>
Florian Bruhin <git@the-compiler.org>
Florian Bruhin <me@the-compiler.org>
Florian Mayer <flormayer@aim.com>
Floris Bruynooghe <floris.bruynooghe@gmail.com>
Floris Bruynooghe <flub@devork.be>
Gabe Hollombe <gabe@avantbard.com>
Gabriel Reis <gabriel.reis@gazprom-mt.com>
Galaczi Endre <galacziendre@gmail.com>
Georgy Dyuldin <g.dyuldin@gmail.com>
Graham Horler <graham.horler@gmail.com>
Greg Price <gregprice@dropbox.com>
Grigorii Eremeev <Luckyalt@mail.ru>
Guyzmo <guyzmo+github@m0g.net>
HEAD KANGAROO <KangarooCreativeTeam@users.noreply.github.com>
Hartmut Goebel <h.goebel@crazy-compilers.com>
Holger Peters <email@holger-peters.de>
Huayi Zhang <irachex@gmail.com>
Igor Starikov <idlesign@yandex.ru>
Ionel Cristian Maries <contact@ionelmc.ro>
Ionel Cristian Mărieș <contact@ionelmc.ro>
Ismail <ismail-s@users.noreply.github.com>
JJ <tramwaj29@gmail.com>
Jaap Broekhuizen <jaapz.b@gmail.com>
Jakub Wilk <jwilk@jwilk.net>
James Lan <jameslan@gmail.com>
James Tatum <jtatum@gmail.com>
Jan Bednařík <jan.bednarik@gmail.com>
Janne Vanhala <janne.vanhala@gmail.com>
Jason R. Coombs <jaraco@jaraco.com>
Javi Romero <javi.azuaga@gmail.com>
Javier Domingo Cansino <javier@jinnapp.com>
Jeff Widman <jeff@jeffwidman.com>
Johannes <johtso@gmail.com>
John Towler <john.towler@clover.com>
John Vandenberg <jayvdb@gmail.com>
Jonathan Peirce <jon@peirce.org.uk>
Jordan Guymon <guymonj@amazon.com>
Jurko <jurko.gospodnetic@docte.hr>
Jurko Gospodnetić <jurko.gospodnetic@pke.hr>
Kale Kundert <kale@thekunderts.net>
Kalle Bronsen <bronsen@nrrd.de>
Kartik Singhal <kartiksinghal@gmail.com>
Katarzyna Jachim <katarzyna.jachim@gmail.com>
Katerina Koukiou <kkoukiou@redhat.com>
Kevin Cox <kevincox@kevincox.ca>
Kevin Yap <me@kevinyap.ca>
Lee Kamentsky <leek@broadinstitute.org>
LeeKamentsky <leek@broadinstitute.org>
Lev Maximov <lev.maximov@gmail.com>
Loïc Estève <loic.esteve@ymail.com>
Lucas Cimon <lucas.cimon@gmail.com>
Lukas Bednar <lbednar@redhat.com>
Lukasz Balcerzak <lukaszbalcerzak@gmail.com>
Luke Murphy <lukewm@riseup.net>
Maarten <@twaarten>
Maciej Fijalkowski <fijall@gmail.com>
Manu Phatak <bionikspoon@gmail.com>
Manuel Jacob <me@manueljacob.de>
Maor Marcus <mmarcus@infinidat.com>
Marc Abramowitz <marc@marc-abramowitz.com>
Marcin Bachry <hegel666@gmail.com>
Marcin Biernat <mb@marcinbiernat.pl>
Marco Buccini <marco.buccini@paylogic.eu>
Marius Gedminas <marius@gedmin.as>
Markus Unterwaditzer <markus@unterwaditzer.net>
Martin Prusse <prusse@esss.com.br>
Mathieu Agopian <mathieu.agopian@gmail.com>
Mathieu Clabaut <mathieu@clabaut.net>
Matt Bachmann <bachmann.matt@gmail.com>
Matt Williams <Matt.Williams@cern.ch>
Matt Williams <matt@milliams.com>
Matthias Bussonnier <bussonniermatthias@gmail.com>
Matthias C. M. Troffaes <matthias.troffaes@gmail.com>
Meng Jue <mengjue@outlook.com>
MengJueM <mengjue@outlook.com>
Michael Aquilina <michaelaquilina@gmail.com>
Michael Birtwell <michael.birtwell@gmail.com>
Michael Droettboom <mdboom@gmail.com>
Michael Howitz <mh@gocept.com>
Michael K <michael-k@users.noreply.github.com>
Michael Overmeyer <m.overmeyer@yahoo.ca>
Michael Seifert <michaelseifert04@yahoo.de>
Michael Zeidler <michael.zeidler_1@web.de>
Michał Bartoszkiewicz <mbartoszkiewicz@gmail.com>
Mike Lundy <mike@fluffypenguin.org>
Miro Hrončok <miro@hroncok.cz>
NODA, Kai <nodakai@gmail.com>
Ned Batchelder <ned@nedbatchelder.com>
Nicholas Chammas <nicholas.chammas@gmail.com>
Nick Loadholtes <nick@ironboundsoftware.com>
Nicolas Delaby <nicolas.delaby@ezeep.com>
Nikita Tsvetkov <nikitanovosibirsk@yandex.com>
Nikita Tsvetkov <tsv1@fastmail.com>
Nikolaus Rath <Nikolaus@rath.org>
Oleg Alexandrov <oleg.alexandrov@gmail.com>
Oleksii Markhovskyi <olexiy.markhovsky@gmail.com>
Oliver Bestwalter <oliver.bestwalter@avira.com>
Omar Kohl <omarkohl@gmail.com>
Omer Hadari <hadari.omer@gmail.com>
Oscar Hellström <oscar@hellstrom.st>
Patrick Hayes <pfhayes@gmail.com>
Paweł Adamczak <pawel.ad@gmail.com>
Peter Demin <poslano@gmail.com>
Peter Heatwole <pheatwole@gmail.com>
Philippe Muller <philippe.muller@gmail.com>
Philippe Ombredanne <pombredanne@gmail.com>
Phillip Cloud <cpcloud@gmail.com>
Pierre-Luc Tessier Gagné <ptessie3@ford.com>
Pieter Mulder <pmulder@proigia.nl>
Piotr Banaszkiewicz <piotr@banaszkiewicz.org>
Punyashloka Biswal <punya.biswal@gmail.com>
Quentin Pradet <quentin@clustree.com>
Ralf Schmitt <ralf@systemexit.de>
Ran Benita <ran234@gmail.com>
Raphael Pierzina <raphael@hackebrot.de>
Raquel Alegre <r.alegre@ucl.ac.uk>
RedBeardCode <s.farmbauer@red-beard-code.de>
Rick van Hattem <wolph@wol.ph>
Roberto Polli <roberto.polli@par-tec.it>
Romain Dorgueil <romain@dorgueil.net>
Roman Bolshakov <roolebo@gmail.com>
Ronny Pfannschmidt <Ronny.Pfannschmidt@gmx.de>
Ronny Pfannschmidt <opensource@ronnypfannschmidt.de>
Ronny Pfannschmidt <ronny.pfannschmidt@redhat.com>
Rotem Yaari <vmalloc@gmail.com>
Roy Williams <rwilliams@lyft.com>
Russel Winder <russel@winder.org.uk>
Rutger Prins <rutger@eclecticiq.com>
Ryan Wooden <rygwdn@gmail.com>
Samuele Pedroni <pedronis@lucediurna.net>
Sasha Hart <s@sashahart.net>
Sebastian Ramacher <sramacher@debian.org>
Simon Gomizelj <sgomizelj@sangoma.com>
Simon Liedtke <liedtke.simon@googlemail.com>
Stefan Scherfke <stefan@sofa-rockers.org>
Stefan Zimmermann <zimmermann.code@gmail.com>
Steffen Allner <sa@gocept.com>
Sébastien Fievet <zyegfryed@gmail.com>
Takafumi Arakaki <aka.tkf@gmail.com>
Tareq Alayan <tareq.alayan@gmail.com>
Ted Xiao <xiao.xj@gmail.com>
Thomas Grainger <tagrain@gmail.com>
Thomas Grainger <tom.grainger@procensus.com>
Thomas Güttler <guettliml.github@thomas-guettler.de>
Thomas Kluyver <takowl@gmail.com>
Thomas Weißschuh <thomas@t-8ch.de>
Tiemo Kieft <tkieft@antagonist.nl>
Tim Chan <macrotim@gmail.com>
Tim Staley <tim.staley@physics.ox.ac.uk>
Tobias Bieniek <Tobias.Bieniek@gmx.de>
Toilal <toilal.dev@gmail.com>
Tom V <tom@viner.tv>
Tom Viner <tom@viner.tv>
TomV <tom@viner.tv>
Trevor Bekolay <tbekolay@gmail.com>
Tyler Goodlet <tgoodlet@gmail.com>
U. Artie Eoff <ullysses.a.eoff@intel.com>
Ulrich Petri <ulo@ulo.pe>
Vasily Kuznetsov <kvas.it@gmail.com>
Victor Uriarte <victor.m.uriarte@intel.com>
Victor Uriarte <vmuriart@gmail.com>
Vidar Tonaas Fauske <vidartf@gmail.com>
Ville Skyttä <ville.skytta@iki.fi>
Virgil Dupras <hsoft@hardcoded.net>
Vladimir Bolshakov <vovanbo@gmail.com>
Wes Turner <wes@wrd.nu>
Wieland Hoffmann <themineo@gmail.com>
William Martin Stewart <zoidbergwill@gmail.com>
Wolfgang Schnerring <ws@gocept.com>
WooParadog <guohaochuan@gmail.com>
Wouter van Ackooy <wouter.v.ackooy@gmail.com>
Xander Johnson <xander@splunk.com>
Zearin <Zearin@users.noreply.github.com>
ac <none@none>
afa <none@none>
anatoly techtonik <techtonik@gmail.com>
antocuni <none@none>
aostr <aostr@wro-zyto-01.wro.eng.dolby.net>
arigo <none@none>
aselus-hub <alexeik@peernova.com>
aselus-hub <aselusaccts@gmail.com>
ataumoefolau <none@none>
b-jazz <jasmerb@gmail.com>
bmcorser <benmarshallcorser@gmail.com>
briandorsey <none@none>
cfbolz <none@none>
christian@christian-linux.sarrazin.local <christian@christian-linux.sarrazin.local>
curzona <curzona@gmail.com>
david@mcbf.net <david@mcbf.net>
elizabeth <Elizaveta239@yandex.ru>
famousgarkin <famousgarkin@outlook.com>
fbjorn <kopfabschneider@yandex.ru>
fijal <none@none>
foxx <cal@iops.io>
gabriel.reis <gabrielcnr@gmail.com>
getxsick <none@none>
guido <none@none>
hg <none@none>
holger krekel (rather uses bitbucket/hpk42) <holger.krekel@gmail.com>
holger krekel <holger.krekel@gmail.com>
holger krekel <holger@merlinux.eu>
holger@merlinux.eu <holger@merlinux.eu>
hpk <none@none>
hpk@tannit.openend.se <hpk@tannit.openend.se>
jab <jab@users.noreply.github.com>
jakubo <jakub3279@gmail.com>
jwhitlark <none@none>
lakka <lawrence@the-akkas.co.uk>
lamby <none@none>
lene <none@none>
maho <none@none>
marscher <m.scherer@fu-berlin.de>
matthiasha <hafner87@gmail.com>
mbyt <random.seed@web.de>
mehdy <mehdy.khoshnoody@gmail.com>
mzeidler <none@none>
nicoddemus <nicoddemus@gmail.com>
nmundar <neven.mundar@dobarkod.hr>
nopmop <none@none>
okin <niko@nerdno.de>
palaviv <palaviv@gmail.com>
pedronis <none@none>
pierreluctg <pierreluctg@gmail.com>
pytry <maildomariana@gmail.com>
ralf@brainbot.com <ralf@brainbot.com>
rxe <none@none>
santagada <none@none>
satoru <satorulogic@gmail.com>
schlamar <marc.schlaich@gmail.com>
sontek@gmail.com <sontek@gmail.com>
t2y <tetsuya.morimoto@gmail.com>
taschini <taschini@users.noreply.github.com>
tigeraniya <tigeraniya@live.se>
tush home <g.dyuldin@gmail.com>
uweschmitt <none@none>
variedthoughts <variedthoughts@gmail.com>
xoraxax <none@none>
